name,colors,brand,category,price,available_on,shipping_category_id
Kate Appleby Knightsbrige,Nude/Black,Kate Appleby,Womens,€49.95,01/01/2015,1
Kate Appleby Park Avenue,Black/Gold,Kate Appleby,Womens,€49.95,01/01/2015,1
Kate Appleby Hetley ,Nude,Kate Appleby,Womens,€49.95,01/01/2015,1
Kate Appleby Hetley ,Black,Kate Appleby,Womens,€49.95,01/01/2015,1
Kate Appleby Devon,Nude,Kate Appleby,Womens,€49.95,01/01/2015,1
Kate Appleby Devon,Peach Flicker,Kate Appleby,Womens,€49.95,01/01/2015,1
Kate Appleby Windsor Park,Black,Kate Appleby,Womens,€49.95,01/01/2015,1
Zanni & Co Gilling,White,Zanni & Co,Womens,€39.95,01/01/2015,1
Zanni & Co Dusty,Black,Zanni & Co,Womens,€39.95,01/01/2015,1
Zanni & Co Dusty,Nude,Zanni & Co,Womens,€39.95,01/01/2015,1
Zanni & Co Earth,White,Zanni & Co,Womens,€34.95,01/01/2015,1
Zanni & Co Montoya,Red,Zanni & Co,Womens,€34.95,01/01/2015,1
Shapes Zoom ,Grey,Shapes,Womens,€34.95,01/01/2015,1
Shapes New York,Blue,Shapes,Womens,€39.95,01/01/2015,1
Featherlites Royale ,Pink,Featherlites,Womens,€34.95,01/01/2015,1
Featherlites Landor,Pink,Featherlites,Womens,€34.95,01/01/2015,1
Featherlites Veale,Pink,Featherlites,Womens,€34.95,01/01/2015,1
Featherlites Miss,White,Featherlites,Womens,€34.95,01/01/2015,1
Featherlites Trade,Navy,Featherlites,Womens,€34.95,01/01/2015,1
Drilleys,Navy/White,Drilleys,Womens,€29.95,01/01/2015,1
Lunar Coral,Black,Lunar,Womens,€52.95,01/01/2015,1
Lunar Celeste,Nude,Lunar,Womens,€55.95,01/01/2015,1
Lunar Rosa,Black,Lunar,Womens,€55.95,01/01/2015,1
Lunar Orchid,Red/White,Lunar,Womens,€32.95,01/01/2015,1
Foil Peep Toe Diamante Front ,Silver,,Womens,€34.95,01/01/2015,1
Foil Peep Toe Diamante Front ,Gold,,Womens,€34.95,01/01/2015,1
Foil Peep Toe Diamante Front ,Black,,Womens,€34.95,01/01/2015,1
Bow Tie Ring Strap Sandals,Black,,Womens,€16.95,01/01/2015,1
Floral Mesh Pointed Flats,Gold,,Womens,€21.95,01/01/2015,1
Embroidered Side High Heels,Grey,,Womens,€29.95,01/01/2015,1
Faux Leather Wedges,Khaki,,Womens,€24.95,01/01/2015,1
Floral Printed High Heels,Floral,,Womens,€24.95,01/01/2015,1
Diamante Brooch Suedette Heels,Khaki,,Womens,€29.95,01/01/2015,1
Metal Toe Suedette Heels,Brown,,Womens,€24.95,01/01/2015,1
Peep Toe Flower Heel,Silver,,Womens,€29.95,01/01/2015,1
Peep Toe Flower Heel,Gold,,Womens,€29.95,01/01/2015,1
Carmen ,Fuschia,Scrapbook Slippers,Womens,€9.95,01/01/2015,1
Carmen ,Purple,Scrapbook Slippers,Womens,€9.95,01/01/2015,1
Tess,Black,Oso Nice,Womens,€9.95,01/01/2015,1
Tess,Red,Oso Nice,Womens,€9.95,01/01/2015,1
Tara,Stripes,,Womens,€5.95,01/01/2015,1
Tara,Stripes,,Womens,€5.95,01/01/2015,1
Carnival,Pink,Tyoti,Womens,€9.95,01/01/2015,1
Carnival,Grey,Tyoti,Womens,€9.95,01/01/2015,1
Crispello,Black,Gezer,Womens,€11.95,01/01/2015,1
Vintage,Black,Spirit,Womens,€16.95,01/01/2015,1
Royston,Black,Shoe Tree ,Mens,€9.95,01/01/2015,1
Wallace,Black,Response,Mens,€6.95,01/01/2015,1
Wallace,Navy,Response,Mens,€6.95,01/01/2015,1
Dickies Antrim,Brown,Dickies,Mens,€49.95,01/01/2015,1
Dickies Dealer, Black,Dickies,Mens,€45.95,01/01/2015,1
Dickies Medway ,Black,Dickies,Mens,€89.95,01/01/2015,1
Dickies Storm Safety Boots,Black,Dickies,Mens,€59.95,01/01/2015,1
Tartan Insoles,Tartan,Patons,,€3.50,01/01/2015,1
Infinity ,Black/Silver,XL,Boys,€16.95,01/01/2015,1
Infinity ,White/Navy/Red,XL,Boys,€16.95,01/01/2015,1
Topaz,White/Purple,Mercury,Girls,€16.95,01/01/2015,1
Lana,Black/Fushia,Mercury,Girls,€16.95,01/01/2015,1
Matilda,White,Gezer,Girls,€13.95,01/01/2015,1
Lily,White,Claudia,Girls,€12.95,01/01/2015,1
Heel Grips,,Punch,,€2.00,01/01/2015,1
Safety Wellies,Black,,Men/Women,€35.95,01/01/2015,1
Dunlop Purofort,Green,Dunlop,Men/Women,€57.50,01/01/2015,1
Dunlop Standard,Green,Dunlop,Men/Women,€27.95,01/01/2015,1
Dunlop standard,Green,Dunlop,Men/Women,€19.95,01/01/2015,1
Boys Tractor,Navy,,Boys,€10.95,01/01/2015,1
Girls Elephant,Pink,,Girls,€10.95,01/01/2015,1
Boys  Croc,Green,,Boys,€12.95,01/01/2015,1
Girls Hippo,Pink,,Girls,€12.95,01/01/2015,1
Ladies,Tartan,,Women,€18.95,01/01/2015,1
No Risk Denver,Brown,No Risk,Men,€85.95,01/01/2015,1
No Risk Armstrong,Black,No Risk,Men,€79.95,01/01/2015,1
No Risk Franklin,Black,No Risk,Men,€99.95,01/01/2015,1
Jade,Pink ,Chatterbox,Girls,€9.95,01/01/2015,1
Pippa ,Floral,Chatterbox,Girls,€11.95,01/01/2015,1
Barr Inf,Black,Chatterbox,Girls,€9.95,01/01/2015,1
Bar,Black,Heart & Sole,Girls,€9.95,01/01/2015,1
 Lottie,Black,Chatterbox,Girls,€14.95,01/01/2015,1
Kerry,Black,Chatterbox,Girls,€24.95,01/01/2015,1
Elanna ,Black,Heart & Sole,Girls,€18.95,01/01/2015,1
Annmarie,white,Chatterbox,Girls,€10.95,01/01/2015,1
Bethany,white,Chatterbox,Girls,€10.95,01/01/2015,1
Ziggy,Pink ,Chatterbox,Girls,€15.95,01/01/2015,1
Joel,Blue,Chatterbox,Boys,€9.95,01/01/2015,1
Vince, Navy,Chatterbox,Boys,€12.95,01/01/2015,1
Aaron,Navy,Chatterbox,Boys,€10.95,01/01/2015,1
Gusset Inf,Black,Chatterbox,Boys,€9.95,01/01/2015,1
Greg,White,Renegade Sole,Boys,€15.95,01/01/2015,1
Oliver,Black,Renegade Sole,Boys,€17.95,01/01/2015,1
Oliver,Black,Renegade Sole,Boys,€19.95,01/01/2015,1
Wrexham,Black,Renegade Sole,Boys,€22.95,01/01/2015,1
Brenner,Brown,Shoe Avenue,Mens,€34.95,01/01/2015,1
Brenner,Tan,Shoe Avenue,Mens,€34.95,01/01/2015,1
Callum,Black,Shoe Avenue,Mens,€34.95,01/01/2015,1
Bliss,Beige Leather,Dr Keller,Womens,€27.95,01/01/2015,1
Patricia,Black,Naturelle,Womens,€22.95,01/01/2015,1
Patricia,Pewter,Naturelle,Womens,€22.95,01/01/2015,1
Morag ,Beige,Naturelle,Womens,€24.95,01/01/2015,1
Morag ,Black,Naturelle,Womens,€24.95,01/01/2015,1
Helen,Black,Comfort Plus,Womens,€27.95,01/01/2015,1
Sharon,Black,Comfort Plus,Womens,€27.95,01/01/2015,1
Louise,Black,Comfort Plus,Womens,€25.95,01/01/2015,1
Dr Robin,Black,Dr Keller,Mens,€26.95,01/01/2015,1
Dr Freddy,Black,Dr Keller,Mens,€29.95,01/01/2015,1
Garett,Black,Dr Keller,Mens,€26.95,01/01/2015,1
Allcot,Beige,Dr Keller,Mens,€36.95,01/01/2015,1
Taylor,Black,Trade Safe,Mens,€49.95,01/01/2015,1
Builder N ,Wheat,Trade Safe,Mens,€49.95,01/01/2015,1
Rigger,Tan,Trade Safe,Mens,€49.95,01/01/2015,1
Laces Star,white,,Accessories,€3.00,01/01/2015,1
Laces Star,black,,Accessories,€3.00,01/01/2015,1
Laces Camoflague,grey,,Accessories,€3.00,01/01/2015,1
Laces Camoflague,green,,Accessories,€3.00,01/01/2015,1
Laces Striped,striped,,Accessories,€3.00,01/01/2015,1
Laces Striped,striped,,Accessories,€3.00,01/01/2015,1
Pink laces,pink,,Accessories,€3.00,01/01/2015,1
Illuminous laces,Yellow,,Accessories,€3.00,01/01/2015,1
Illuminous laces,Orange,,Accessories,€3.00,01/01/2015,1
Illuminous laces,Pink,,Accessories,€3.00,01/01/2015,1
Boot laces,Black,,Accessories,€2.00,01/01/2015,1
Boot laces,White,,Accessories,€2.00,01/01/2015,1
